effect,pct,lo,hi
"2017 add-on vs 2016-only (ln ratio), k=4",2.67165109986756,-5.18587059474315,11.1803483900204
