effect,pct,lo,hi
"2017 add-on vs 2016-only (ln ratio), k=5",5.02719203084943,-2.61546783617099,13.2696417058108
