effect,pct,lo,hi
"2017 add-on vs 2016-only (ln ratio), k=3",4.62428544622562,-4.92085421061753,15.127676150785
